<?xml version="1.0" encoding="UTF-8"?>
<reportUnit exportedWithPermissions="false"><folder>/public/Bookmarklet</folder><name>product_details</name><version>0</version><label>Product Detials</label><description>Report used for both iframe and visualize bookmarklet examples</description><creationDate>2014-07-02T08:27:23.922-04:00</creationDate><updateDate>2014-07-02T08:27:23.922-04:00</updateDate><mainReport><localResource xmlns:xsi="http://www.w3.org/2001/XMLSchema-instance" exportedWithPermissions="false" dataFile="main_jrxml.data" xsi:type="fileResource"><folder>/public/Bookmarklet/product_details_files</folder><name>main_jrxml</name><version>0</version><label>main_jrxml</label><creationDate>2014-07-02T08:27:23.922-04:00</creationDate><updateDate>2014-07-02T08:27:23.922-04:00</updateDate><fileType>jrxml</fileType></localResource></mainReport><inputControl><localResource xmlns:xsi="http://www.w3.org/2001/XMLSchema-instance" exportedWithPermissions="false" xsi:type="inputControl"><folder>/public/Bookmarklet/product_details_files</folder><name>parProductId</name><version>0</version><label>parProductId</label><description>Product Id</description><creationDate>2014-07-02T08:27:23.922-04:00</creationDate><updateDate>2014-07-02T08:27:23.922-04:00</updateDate><type>2</type><mandatory>false</mandatory><readOnly>false</readOnly><visible>true</visible><dataType><localResource exportedWithPermissions="false" xsi:type="dataType"><folder>/public/Bookmarklet/product_details_files/parProductId_files</folder><name>myDatatype</name><version>0</version><label>myDatatype</label><creationDate>2014-07-02T08:27:23.922-04:00</creationDate><updateDate>2014-07-02T08:27:23.922-04:00</updateDate><type>2</type><strictMin>false</strictMin><strictMax>false</strictMax></localResource></dataType></localResource></inputControl><alwaysPromptControls>true</alwaysPromptControls><controlsLayout>1</controlsLayout></reportUnit>